{
  "report_generated": "2025-10-28T21:43:31.523064",
  "strategy_name": "Forex Trading Robot - Hybrid Strategy",
  "backtest_period": "2019-2024",
  "initial_balance": 10.0,
  "performance_targets": {
    "day1_target": 900.0,
    "day2_target": 200.0,
    "day3_plus_min_target": 2.0,
    "day3_plus_max_target": 5.0
  },
  "backtest_results": {
    "total_trades": 41,
    "winning_trades": 25,
    "losing_trades": 16,
    "win_rate": 60.97560975609756,
    "net_profit": 1442.2325491905212,
    "total_profit": 3652.8408527374268,
    "total_loss": 2210.6083035469055,
    "profit_factor": 1.6524143363057442,
    "max_drawdown": 911.0031127929688,
    "sharpe_ratio": 2.389296061836626,
    "expectancy": 35.176403638793204,
    "avg_win": 146.11363410949707,
    "avg_loss": 138.1630189716816
  },
  "target_performance": "EXCEPTIONAL - Exceeded Day 1 target",
  "monte_carlo_results": {
    "mean_final_balance": 1434.6639814972878,
    "std_final_balance": 1491.2463820686362,
    "mean_total_return": 14246.639814972878,
    "std_total_return": 14912.463820686362,
    "mean_win_rate": 60.956097560975614,
    "mean_max_drawdown": 1058.7712607979774,
    "worst_case_return": -40403.17893028259,
    "best_case_return": 69647.42660522461
  },
  "walk_forward_results": {
    "total_periods": 7,
    "avg_trades_per_period": 27.428571428571427,
    "avg_return_per_period": 11078.974178859165,
    "std_return_per_period": 3364.804105523752,
    "avg_win_rate": 61.00665435640805,
    "avg_profit_factor": 2.1561159528352336,
    "avg_max_drawdown": 740.6727586473737,
    "profitable_periods": 7,
    "profitable_period_rate": 100.0
  }
}