{
  "final_balance": {
    "lower": -1369.824723303318,
    "upper": 4286.361151039598,
    "mean": 1434.6639814972878,
    "std": 1490.500572378543
  },
  "total_return": {
    "lower": -13798.24723303318,
    "upper": 42763.61151039598,
    "mean": 14246.639814972878,
    "std": 14905.00572378543
  },
  "win_rate": {
    "lower": 46.34146341463415,
    "upper": 75.60975609756098,
    "mean": 60.956097560975614,
    "std": 7.582163860289698
  },
  "max_drawdown": {
    "lower": 282.00531005859375,
    "upper": 2415.4724061489105,
    "mean": 1058.7712607979774,
    "std": 539.6170683926634
  }
}