{
  "final_balance": {
    "lower": -1245.4434567689896,
    "upper": 4388.4414529800415,
    "mean": 1500.8511741757393,
    "std": 1441.9423534408616
  },
  "total_return": {
    "lower": -12554.434567689896,
    "upper": 43784.41452980041,
    "mean": 14908.511741757393,
    "std": 14419.423534408616
  },
  "win_rate": {
    "lower": 46.34146341463415,
    "upper": 75.60975609756098,
    "mean": 61.25121951219512,
    "std": 7.3390851832221795
  },
  "max_drawdown": {
    "lower": 293.3244615793228,
    "upper": 2345.902757346629,
    "mean": 1055.5045691728592,
    "std": 525.5098088739564
  }
}