{
  "total_trades": 41,
  "winning_trades": 25,
  "losing_trades": 16,
  "win_rate": 60.97560975609756,
  "net_profit": 1442.2325491905212,
  "total_profit": 3652.8408527374268,
  "total_loss": 2210.6083035469055,
  "profit_factor": 1.6524143363057442,
  "max_drawdown": 911.0031127929688,
  "sharpe_ratio": 2.389296061836626,
  "expectancy": 35.176403638793204,
  "avg_win": 146.11363410949707,
  "avg_loss": 138.1630189716816
}